<?xml version="1.0" encoding="UTF-8"?>
<project xmlns="http://maven.apache.org/POM/4.0.0" xmlns:xsi="http://www.w3.org/2001/XMLSchema-instance" xsi:schemaLocation="http://maven.apache.org/POM/4.0.0 http://maven.apache.org/maven-v4_0_0.xsd">
  <modelVersion>4.0.0</modelVersion>
  <groupId>cs361</groupId>
  <artifactId>Sprint2</artifactId>
  <version>1.0-SNAPSHOT</version>
  <url>http://www.ninjaframework.org</url>
  <build>
    <resources>
      <resource>
        <directory>src/main/java</directory>
        <includes>
          <include>**/*</include>
        </includes>
        <excludes>
          <exclude>**/*.java</exclude>
        </excludes>
      </resource>
    </resources>
    <plugins>
      <plugin>
        <artifactId>maven-compiler-plugin</artifactId>
        <version>3.2</version>
        <configuration>
          <source>1.7</source>
          <target>1.7</target>
        </configuration>
      </plugin>
      <plugin>
        <artifactId>maven-enforcer-plugin</artifactId>
        <version>1.3.1</version>
        <executions>
          <execution>
            <id>enforce-banned-dependencies</id>
            <goals>
              <goal>enforce</goal>
            </goals>
            <configuration>
              <rules>
                <bannedDependencies>
                  <excludes>
                    <exclude>commons-logging</exclude>
                  </excludes>
                </bannedDependencies>
              </rules>
              <fail>true</fail>
            </configuration>
          </execution>
        </executions>
      </plugin>
      <plugin>
        <groupId>org.eclipse.jetty</groupId>
        <artifactId>jetty-maven-plugin</artifactId>
        <version>${jetty.version}</version>
        <configuration>
          <stopKey>stop</stopKey>
          <stopPort>8889</stopPort>
          <scanIntervalSeconds>1</scanIntervalSeconds>
          <reload>automatic</reload>
          <scanTargetPatterns>
            <scanTargetPattern>
              <directory>target/classes</directory>
              <includes>
                <include>**/*</include>
              </includes>
              <excludes>
                <exclude>**/*.ftl.html</exclude>
                <exclude>assets/**</exclude>
              </excludes>
            </scanTargetPattern>
          </scanTargetPatterns>
          <systemProperties>
            <systemProperty>
              <name>ninja.mode</name>
              <value>dev</value>
            </systemProperty>
          </systemProperties>
        </configuration>
      </plugin>
      <plugin>
        <groupId>org.ninjaframework</groupId>
        <artifactId>ninja-maven-plugin</artifactId>
        <version>${ninja.version}</version>
      </plugin>
      <plugin>
        <artifactId>maven-deploy-plugin</artifactId>
        <version>2.8.2</version>
        <configuration>
          <skip>true</skip>
        </configuration>
      </plugin>
      <plugin>
        <artifactId>maven-shade-plugin</artifactId>
        <version>2.2</version>
        <executions>
          <execution>
            <phase>package</phase>
            <goals>
              <goal>shade</goal>
            </goals>
            <configuration>
              <transformers>
                <transformer />
                <transformer>
                  <mainClass>ninja.standalone.NinjaJetty</mainClass>
                </transformer>
              </transformers>
            </configuration>
          </execution>
        </executions>
        <configuration>
          <createDependencyReducedPom>true</createDependencyReducedPom>
          <filters>
            <filter>
              <artifact>*:*</artifact>
              <excludes>
                <exclude>META-INF/*.SF</exclude>
                <exclude>META-INF/*.DSA</exclude>
                <exclude>META-INF/*.RSA</exclude>
              </excludes>
            </filter>
          </filters>
        </configuration>
      </plugin>
      <plugin>
        <groupId>com.github.eirslett</groupId>
        <artifactId>frontend-maven-plugin</artifactId>
        <version>1.6</version>
        <executions>
          <execution>
            <id>install node and yarn</id>
            <phase>generate-resources</phase>
            <goals>
              <goal>install-node-and-yarn</goal>
            </goals>
            <configuration>
              <nodeVersion>v6.11.4</nodeVersion>
              <yarnVersion>v1.2.1</yarnVersion>
            </configuration>
          </execution>
          <execution>
            <id>yarn install</id>
            <phase>generate-resources</phase>
            <goals>
              <goal>yarn</goal>
            </goals>
            <configuration>
              <arguments>install</arguments>
            </configuration>
          </execution>
          <execution>
            <id>webpack build</id>
            <phase>generate-resources</phase>
            <goals>
              <goal>webpack</goal>
            </goals>
            <configuration>
              <arguments>--config webpack.config.prod.js -p</arguments>
            </configuration>
          </execution>
        </executions>
        <configuration>
          <workingDirectory>src/main/webapp/js</workingDirectory>
          <installDirectory>src/main/webapp/js</installDirectory>
        </configuration>
      </plugin>
    </plugins>
  </build>
  <dependencies>
    <dependency>
      <groupId>org.ninjaframework</groupId>
      <artifactId>ninja-test-utilities</artifactId>
      <version>5.2.2</version>
      <scope>test</scope>
      <exclusions>
        <exclusion>
          <artifactId>junit</artifactId>
          <groupId>junit</groupId>
        </exclusion>
        <exclusion>
          <artifactId>mockito-core</artifactId>
          <groupId>org.mockito</groupId>
        </exclusion>
        <exclusion>
          <artifactId>fluentlenium-core</artifactId>
          <groupId>org.fluentlenium</groupId>
        </exclusion>
        <exclusion>
          <artifactId>httpclient</artifactId>
          <groupId>org.apache.httpcomponents</groupId>
        </exclusion>
        <exclusion>
          <artifactId>httpmime</artifactId>
          <groupId>org.apache.httpcomponents</groupId>
        </exclusion>
        <exclusion>
          <artifactId>doctester-core</artifactId>
          <groupId>org.doctester</groupId>
        </exclusion>
        <exclusion>
          <artifactId>doctest</artifactId>
          <groupId>com.devbliss.doctest</groupId>
        </exclusion>
      </exclusions>
    </dependency>
  </dependencies>
  <properties>
    <ninja.version>5.2.2</ninja.version>
    <jetty.version>9.2.10.v20150310</jetty.version>
  </properties>
</project>

