{"web":{"client_id":"661727584854-aq8ut6bsde3p7c0g3diuvfv0gjl93eoi.apps.googleusercontent.com","project_id":"skinnern-cs493-project6","auth_uri":"https://accounts.google.com/o/oauth2/auth","token_uri":"https://oauth2.googleapis.com/token","auth_provider_x509_cert_url":"https://www.googleapis.com/oauth2/v1/certs","client_secret":"hULpfTlU2_i5cizJvdxvy9ht","redirect_uris":["https://skinnern-cs493-project6.appspot.com/middleman"],"javascript_origins":["https://skinnern-cs493-project6.appspot.com"]}}